{
  "Compatibility": "Compatible",
  "Contributors": { "Developer": [ "Corsaka" ] },
  "DefuserDifficulty": "Easy",
  "Description": "A skull on a gearstick stares back at you solemnly. Tags: skull, gearstick, stick, eye",
  "ExpertDifficulty": "Medium",
  "ModuleID": "badbones",
  "MysteryModule": "MustNotBeKey",
  "Name": "Bad Bones",
  "Origin": "Mods",
  "Published": "2023-08-12",
  "SortKey": "BADBONES",
  "SourceUrl": "https://github.com/Corsaka/ktanemodkit-official-oops/tree/bad-bones",
  "Souvenir": { "Status": "NotACandidate" },
  "SteamID": "3018726278",
  "Symbol": "Bad",
  "Type": "Regular"
}